{
    "images":
    {
        "title":
        {
            "image" : "arcane:logo.png",
            "posX" : -225,
            "posY" : 0,
            "width" : 465,
            "height" : 150,
			"imageWidth" : 720,
			"imageHeight" : 200,
            "alignment" : "top_center"
        }
    },
    
    "buttons":
    {
        "singleplayer":
        {
            "text" : "menu.singleplayer",
            "posX" : -100,
            "posY" : 156,
            "width" : 99,
            "height" : 20,
			"alignment" : "top_center",
            "action" : 
            {
                "type" : "openGui",
                "gui" : "singleplayer"
            }
        },
        
        "multiplayer":
        {
            "text" : "menu.multiplayer",
            "posX" : 2,
            "posY" : 156,
            "width" : 99,
            "height" : 20,
			"alignment" : "top_center",
            "action" : 
            {
                "type" : "openGui",
                "gui" : "multiplayer"
            }
        },
        
        "mods":
        {
            "text" : "fml.menu.mods",
            "posX" : -100,
            "posY" : 180,
            "width" : 200,
            "height" : 20,
			"alignment" : "top_center",
            "action" : 
            {
                "type" : "openGui",
                "gui" : "mods"
            }
        },
            
        "options":
        {
            "text" : "menu.options",
            "posX" : -100,
            "posY" : -34,
            "width" : 98,
            "height" : 20,
			"alignment" : "bottom_center",
            "action" : 
            {
                "type" : "openGui",
                "gui" : "options"
            }
        },
        
        "quit":
        {
            "text" : "menu.quit",
            "posX" : 2,
            "posY" : -34,
            "width" : 98,
            "height" : 20,
			"alignment" : "bottom_center",
            "action" : 
            {
                "type" : "quit"
            }
        },
        
        "language":
        {
            "text" : "",
            "posX" : -124,
            "posY" : -34,
            "width" : 20,
            "height" : 20,
			"alignment" : "bottom_center",
            "action" : 
            {
                "type" : "openGui",
                "gui" : "languages"
            }
        },
        
        "refresh":
        {
            "text" : "",
            "posX" : 105,
            "posY" : -34,
            "width" : 20,
            "height" : 20,
			"alignment" : "bottom_center",
            "texture" : "custommainmenu:textures/gui/buttons.png",
            "action" : 
            {
                "type" : "refresh"
            }
        }
    },
    
    "labels":
    {
        "mojang":
        {
            "text" : "Copyright Mojang AB. Do not distribute!",
            "hoverText" : "�nCopyright Mojang AB. Do not distribute!",
            "posX" : -200,
            "posY" : -15,
            "color" : -1,
            "alignment" : "bottom_right",
            "action" : 
            {
                "type" : "openGui",
                "gui" : "credits"
            }
        },
        
        "modpackversion":
		{
		    "text" : "Build 180302",
			"hoverText" : "�nBuild 180302",
            "posX" : 5,
            "posY" : -15,
            "color" : -1,
            "alignment" : "bottom_left", 
			"action": {
                "type": "openLink",
                "link": "https://minecraft.curseforge.com/projects/arcane-enhancements/pages/full-changelog"
            }
		}
    },
    
    "other":
    {
        "panorama":
        {
            "images" : "minecraft:textures/gui/title/background/panorama_%c.png",
            "animate" : true,
            "animationSpeed" : 1,
            "blur" : true,
            "gradient" : true
        }
    }
}